Workbook

Sheet Dashboard
A1: HERO — DASHBOARD PROYEK
A2: Seluruh angka dihitung otomatis dari sheet Tracker dan Milestone. Jangan diketik manual. | H2: Diperbarui: | I2: 46279
A4: Fase | B4: Milestone | C4: Periode | D4: Task | E4: To Do | F4: In Progress | G4: In Review | H4: Done | I4: Blocked | J4: % Selesai | K4: Progres | L4: SP Total | M4: SP Selesai | N4: Indikator
A5: Fase 0 | B5: Inception & Setup | C5: 31 Aug – 13 Sep | D5: =COUNTIF(Tracker!$B:$B,A5) | E5: =COUNTIFS(Tracker!$B:$B,A5,Tracker!$L:$L,"To Do") | F5: =COUNTIFS(Tracker!$B:$B,A5,Tracker!$L:$L,"In Progress") | G5: =COUNTIFS(Tracker!$B:$B,A5,Tracker!$L:$L,"In Review / Testing") | H5: =COUNTIFS(Tracker!$B:$B,A5,Tracker!$L:$L,"Done") | I5: =COUNTIFS(Tracker!$B:$B,A5,Tracker!$L:$L,"Blocked") | J5: =IFERROR(H5/D5,0) | K5: =REPT("█",ROUND(J5*20,0))&REPT("░",20-ROUND(J5*20,0)) | L5: =SUMIF(Tracker!$B:$B,A5,Tracker!$J:$J) | M5: =SUMIFS(Tracker!$J:$J,Tracker!$B:$B,A5,Tracker!$L:$L,"Done") | N5: =COUNTIF(Milestone!$E$5:$E$7,"Tercapai")&" / "&ROWS(Milestone!$E$5:$E$7)
A6: Fase 1 | B6: MVP Scraping & Ingest | C6: 14 Sep – 11 Oct | D6: =COUNTIF(Tracker!$B:$B,A6) | E6: =COUNTIFS(Tracker!$B:$B,A6,Tracker!$L:$L,"To Do") | F6: =COUNTIFS(Tracker!$B:$B,A6,Tracker!$L:$L,"In Progress") | G6: =COUNTIFS(Tracker!$B:$B,A6,Tracker!$L:$L,"In Review / Testing") | H6: =COUNTIFS(Tracker!$B:$B,A6,Tracker!$L:$L,"Done") | I6: =COUNTIFS(Tracker!$B:$B,A6,Tracker!$L:$L,"Blocked") | J6: =IFERROR(H6/D6,0) | K6: =REPT("█",ROUND(J6*20,0))&REPT("░",20-ROUND(J6*20,0)) | L6: =SUMIF(Tracker!$B:$B,A6,Tracker!$J:$J) | M6: =SUMIFS(Tracker!$J:$J,Tracker!$B:$B,A6,Tracker!$L:$L,"Done") | N6: =COUNTIF(Milestone!$E$8:$E$12,"Tercapai")&" / "&ROWS(Milestone!$E$8:$E$12)
A7: Fase 2 | B7: MVP Analisa & Summary | C7: 12 Oct – 08 Nov | D7: =COUNTIF(Tracker!$B:$B,A7) | E7: =COUNTIFS(Tracker!$B:$B,A7,Tracker!$L:$L,"To Do") | F7: =COUNTIFS(Tracker!$B:$B,A7,Tracker!$L:$L,"In Progress") | G7: =COUNTIFS(Tracker!$B:$B,A7,Tracker!$L:$L,"In Review / Testing") | H7: =COUNTIFS(Tracker!$B:$B,A7,Tracker!$L:$L,"Done") | I7: =COUNTIFS(Tracker!$B:$B,A7,Tracker!$L:$L,"Blocked") | J7: =IFERROR(H7/D7,0) | K7: =REPT("█",ROUND(J7*20,0))&REPT("░",20-ROUND(J7*20,0)) | L7: =SUMIF(Tracker!$B:$B,A7,Tracker!$J:$J) | M7: =SUMIFS(Tracker!$J:$J,Tracker!$B:$B,A7,Tracker!$L:$L,"Done") | N7: =COUNTIF(Milestone!$E$13:$E$15,"Tercapai")&" / "&ROWS(Milestone!$E$13:$E$15)
A8: Fase 3 | B8: MVP Harmonisasi | C8: 09 Nov – 29 Nov | D8: =COUNTIF(Tracker!$B:$B,A8) | E8: =COUNTIFS(Tracker!$B:$B,A8,Tracker!$L:$L,"To Do") | F8: =COUNTIFS(Tracker!$B:$B,A8,Tracker!$L:$L,"In Progress") | G8: =COUNTIFS(Tracker!$B:$B,A8,Tracker!$L:$L,"In Review / Testing") | H8: =COUNTIFS(Tracker!$B:$B,A8,Tracker!$L:$L,"Done") | I8: =COUNTIFS(Tracker!$B:$B,A8,Tracker!$L:$L,"Blocked") | J8: =IFERROR(H8/D8,0) | K8: =REPT("█",ROUND(J8*20,0))&REPT("░",20-ROUND(J8*20,0)) | L8: =SUMIF(Tracker!$B:$B,A8,Tracker!$J:$J) | M8: =SUMIFS(Tracker!$J:$J,Tracker!$B:$B,A8,Tracker!$L:$L,"Done") | N8: =COUNTIF(Milestone!$E$16:$E$17,"Tercapai")&" / "&ROWS(Milestone!$E$16:$E$17)
A9: Fase 4 | B9: MVP Tanggapan PoV | C9: 30 Nov – 13 Dec | D9: =COUNTIF(Tracker!$B:$B,A9) | E9: =COUNTIFS(Tracker!$B:$B,A9,Tracker!$L:$L,"To Do") | F9: =COUNTIFS(Tracker!$B:$B,A9,Tracker!$L:$L,"In Progress") | G9: =COUNTIFS(Tracker!$B:$B,A9,Tracker!$L:$L,"In Review / Testing") | H9: =COUNTIFS(Tracker!$B:$B,A9,Tracker!$L:$L,"Done") | I9: =COUNTIFS(Tracker!$B:$B,A9,Tracker!$L:$L,"Blocked") | J9: =IFERROR(H9/D9,0) | K9: =REPT("█",ROUND(J9*20,0))&REPT("░",20-ROUND(J9*20,0)) | L9: =SUMIF(Tracker!$B:$B,A9,Tracker!$J:$J) | M9: =SUMIFS(Tracker!$J:$J,Tracker!$B:$B,A9,Tracker!$L:$L,"Done") | N9: =COUNTIF(Milestone!$E$18:$E$19,"Tercapai")&" / "&ROWS(Milestone!$E$18:$E$19)
A10: Fase 5 | B10: Stabilisasi & UAT | C10: 14 Dec – 24 Dec | D10: =COUNTIF(Tracker!$B:$B,A10) | E10: =COUNTIFS(Tracker!$B:$B,A10,Tracker!$L:$L,"To Do") | F10: =COUNTIFS(Tracker!$B:$B,A10,Tracker!$L:$L,"In Progress") | G10: =COUNTIFS(Tracker!$B:$B,A10,Tracker!$L:$L,"In Review / Testing") | H10: =COUNTIFS(Tracker!$B:$B,A10,Tracker!$L:$L,"Done") | I10: =COUNTIFS(Tracker!$B:$B,A10,Tracker!$L:$L,"Blocked") | J10: =IFERROR(H10/D10,0) | K10: =REPT("█",ROUND(J10*20,0))&REPT("░",20-ROUND(J10*20,0)) | L10: =SUMIF(Tracker!$B:$B,A10,Tracker!$J:$J) | M10: =SUMIFS(Tracker!$J:$J,Tracker!$B:$B,A10,Tracker!$L:$L,"Done") | N10: =COUNTIF(Milestone!$E$20:$E$22,"Tercapai")&" / "&ROWS(Milestone!$E$20:$E$22)
A11: TOTAL | D11: =SUM(D5:D10) | E11: =SUM(E5:E10) | F11: =SUM(F5:F10) | G11: =SUM(G5:G10) | H11: =SUM(H5:H10) | I11: =SUM(I5:I10) | J11: =IFERROR(H11/D11,0) | K11: =REPT("█",ROUND(J11*20,0))&REPT("░",20-ROUND(J11*20,0)) | L11: =SUM(L5:L10) | M11: =SUM(M5:M10) | N11: =COUNTIF(Milestone!$E:$E,"Tercapai")&" / "&COUNTA(Milestone!$D$5:$D$22)
A14: BEBAN PER PIC
A15: PIC | B15: Total | C15: To Do | D15: In Progress | E15: In Review | F15: Done | G15: Blocked | H15: SP Aktif
A16: Zaky | B16: =COUNTIF(Tracker!$H:$H,A16) | C16: =COUNTIFS(Tracker!$H:$H,A16,Tracker!$L:$L,"To Do") | D16: =COUNTIFS(Tracker!$H:$H,A16,Tracker!$L:$L,"In Progress") | E16: =COUNTIFS(Tracker!$H:$H,A16,Tracker!$L:$L,"In Review / Testing") | F16: =COUNTIFS(Tracker!$H:$H,A16,Tracker!$L:$L,"Done") | G16: =COUNTIFS(Tracker!$H:$H,A16,Tracker!$L:$L,"Blocked") | H16: =SUMIFS(Tracker!$J:$J,Tracker!$H:$H,A16,Tracker!$L:$L,"<>Done")
A17: Rafli | B17: =COUNTIF(Tracker!$H:$H,A17) | C17: =COUNTIFS(Tracker!$H:$H,A17,Tracker!$L:$L,"To Do") | D17: =COUNTIFS(Tracker!$H:$H,A17,Tracker!$L:$L,"In Progress") | E17: =COUNTIFS(Tracker!$H:$H,A17,Tracker!$L:$L,"In Review / Testing") | F17: =COUNTIFS(Tracker!$H:$H,A17,Tracker!$L:$L,"Done") | G17: =COUNTIFS(Tracker!$H:$H,A17,Tracker!$L:$L,"Blocked") | H17: =SUMIFS(Tracker!$J:$J,Tracker!$H:$H,A17,Tracker!$L:$L,"<>Done")
A18: Ikhwan | B18: =COUNTIF(Tracker!$H:$H,A18) | C18: =COUNTIFS(Tracker!$H:$H,A18,Tracker!$L:$L,"To Do") | D18: =COUNTIFS(Tracker!$H:$H,A18,Tracker!$L:$L,"In Progress") | E18: =COUNTIFS(Tracker!$H:$H,A18,Tracker!$L:$L,"In Review / Testing") | F18: =COUNTIFS(Tracker!$H:$H,A18,Tracker!$L:$L,"Done") | G18: =COUNTIFS(Tracker!$H:$H,A18,Tracker!$L:$L,"Blocked") | H18: =SUMIFS(Tracker!$J:$J,Tracker!$H:$H,A18,Tracker!$L:$L,"<>Done")
A19: Fathir | B19: =COUNTIF(Tracker!$H:$H,A19) | C19: =COUNTIFS(Tracker!$H:$H,A19,Tracker!$L:$L,"To Do") | D19: =COUNTIFS(Tracker!$H:$H,A19,Tracker!$L:$L,"In Progress") | E19: =COUNTIFS(Tracker!$H:$H,A19,Tracker!$L:$L,"In Review / Testing") | F19: =COUNTIFS(Tracker!$H:$H,A19,Tracker!$L:$L,"Done") | G19: =COUNTIFS(Tracker!$H:$H,A19,Tracker!$L:$L,"Blocked") | H19: =SUMIFS(Tracker!$J:$J,Tracker!$H:$H,A19,Tracker!$L:$L,"<>Done")
A20: Hamdan | B20: =COUNTIF(Tracker!$H:$H,A20) | C20: =COUNTIFS(Tracker!$H:$H,A20,Tracker!$L:$L,"To Do") | D20: =COUNTIFS(Tracker!$H:$H,A20,Tracker!$L:$L,"In Progress") | E20: =COUNTIFS(Tracker!$H:$H,A20,Tracker!$L:$L,"In Review / Testing") | F20: =COUNTIFS(Tracker!$H:$H,A20,Tracker!$L:$L,"Done") | G20: =COUNTIFS(Tracker!$H:$H,A20,Tracker!$L:$L,"Blocked") | H20: =SUMIFS(Tracker!$J:$J,Tracker!$H:$H,A20,Tracker!$L:$L,"<>Done")
A23: MENUNGGU MITRA
A24: Jumlah | B24: Keterangan
A25: =COUNTIF(Tracker!$F:$F,"Blocker Mitra") | B25: Item bertipe "Blocker Mitra" di Tracker — tagih pada rapat mingguan
A28: LEGENDA STATUS
A29: To Do | B29: Belum dimulai
A30: In Progress | B30: Sedang dikerjakan
A31: In Review / Testing | B31: Menunggu review atau pengujian
A32: Done | B32: Selesai & memenuhi Definition of Done
A33: Blocked | B33: Terhenti menunggu pihak lain — lihat kolom Blocker / Remarks

Sheet Tracker
A1: HERO — PAPAN PROYEK
A2: Satu baris per task. Kolom Milestone dan Tenggat terisi otomatis dari Fase dan Sprint. Kolom lain bebas diubah lewat dropdown.
A4: No | B4: Fase | C4: Milestone | D4: ID | E4: Task | F4: Tipe | G4: Peran | H4: PIC | I4: Sprint | J4: SP | K4: Prioritas | L4: Status | M4: Tenggat | N4: GitHub # | O4: Blocker / Remarks
A5: 1 | B5: Fase 0 | C5: =IFERROR(VLOOKUP(B5,Referensi!$A$5:$B$10,2,FALSE),"") | D5: US-11 | E5: Lingkungan staging & CI siap | F5: Chore | G5: Infra/QA | H5: Hamdan | I5: S0 | J5: 4 | K5: Must | L5: In Progress | M5: =IFERROR(VLOOKUP(I5,Referensi!$F$5:$G$13,2,FALSE),"") | O5: Belum ada bukti CI berjalan; masuk carry-over
A6: 2 | B6: Fase 0 | C6: =IFERROR(VLOOKUP(B6,Referensi!$A$5:$B$10,2,FALSE),"") | D6: AI-T10 | E6: Format laporan rapat mingguan | F6: Chore | G6: PM/BA | H6: Zaky | I6: S0 | J6: 2 | K6: Must | L6: In Progress | M6: =IFERROR(VLOOKUP(I6,Referensi!$F$5:$G$13,2,FALSE),"") | N6: 23 | O6: Carry-over dari Fase 0
A7: 3 | B7: Fase 0 | C7: =IFERROR(VLOOKUP(B7,Referensi!$A$5:$B$10,2,FALSE),"") | D7: OI-04 | E7: Penandatanganan NDA seluruh anggota | F7: Blocker Mitra | G7: PM/BA | H7: Zaky | I7: S0 | K7: Must | L7: Blocked | M7: =IFERROR(VLOOKUP(I7,Referensi!$F$5:$G$13,2,FALSE),"") | N7: 25 | O7: Memblokir akses OneDrive
A8: 4 | B8: Fase 0 | C8: =IFERROR(VLOOKUP(B8,Referensi!$A$5:$B$10,2,FALSE),"") | D8: F0-3 | E8: Struktur folder knowledge base awal (skeleton) | F8: Chore | G8: Backend | H8: Rafli | I8: S1 | J8: 3 | K8: Must | L8: To Do | M8: =IFERROR(VLOOKUP(I8,Referensi!$F$5:$G$13,2,FALSE),"") | N8: 38 | O8: Indikator Fase 0 yang terlewat, dibawa ke Fase 1
A9: 5 | B9: Fase 0 | C9: =IFERROR(VLOOKUP(B9,Referensi!$A$5:$B$10,2,FALSE),"") | D9: F0-DOC | E9: Dokumen requirement & arsitektur disetujui stakeholder | F9: Chore | G9: PM/BA | H9: Zaky | I9: S0 | K9: Must | L9: In Review / Testing | M9: =IFERROR(VLOOKUP(I9,Referensi!$F$5:$G$13,2,FALSE),"") | O9: 17 dokumen tersusun; persetujuan mitra belum tercatat
A10: 6 | B10: Fase 1 | C10: =IFERROR(VLOOKUP(B10,Referensi!$A$5:$B$10,2,FALSE),"") | D10: US-02 | E10: Login pengguna | F10: User Story | G10: Backend | H10: Rafli | I10: S1 | J10: 3 | K10: Must | L10: To Do | M10: =IFERROR(VLOOKUP(I10,Referensi!$F$5:$G$13,2,FALSE),"") | N10: 1
A11: 7 | B11: Fase 1 | C11: =IFERROR(VLOOKUP(B11,Referensi!$A$5:$B$10,2,FALSE),"") | D11: US-12 | E11: Kelola daftar situs sumber | F11: User Story | G11: Backend | H11: Rafli | I11: S1 | J11: 5 | K11: Must | L11: To Do | M11: =IFERROR(VLOOKUP(I11,Referensi!$F$5:$G$13,2,FALSE),"") | N11: 2
A12: 8 | B12: Fase 1 | C12: =IFERROR(VLOOKUP(B12,Referensi!$A$5:$B$10,2,FALSE),"") | D12: US-13 | E12: Mesin scraping & pengunduhan PDF | F12: User Story | G12: Data/ML | H12: Fathir | I12: S1 | J12: 8 | K12: Must | L12: In Progress | M12: =IFERROR(VLOOKUP(I12,Referensi!$F$5:$G$13,2,FALSE),"") | N12: 3 | O12: Baseline scraper sudah ada. Fathir belum masuk org GitHub
A13: 9 | B13: Fase 1 | C13: =IFERROR(VLOOKUP(B13,Referensi!$A$5:$B$10,2,FALSE),"") | D13: US-13a | E13: Kontrol kedalaman crawling per sumber | F13: User Story | G13: Data/ML | H13: Fathir | I13: S1 | J13: 5 | K13: Must | L13: In Progress | M13: =IFERROR(VLOOKUP(I13,Referensi!$F$5:$G$13,2,FALSE),"") | N13: 4 | O13: Sedang ke kedalaman > 1; kedalaman 1 harus stabil dulu
A14: 10 | B14: Fase 1 | C14: =IFERROR(VLOOKUP(B14,Referensi!$A$5:$B$10,2,FALSE),"") | D14: US-14 | E14: Ringkasan hasil job scraping | F14: User Story | G14: Backend | H14: Rafli | I14: S1 | J14: 3 | K14: Must | L14: To Do | M14: =IFERROR(VLOOKUP(I14,Referensi!$F$5:$G$13,2,FALSE),"") | N14: 5
A15: 11 | B15: Fase 1 | C15: =IFERROR(VLOOKUP(B15,Referensi!$A$5:$B$10,2,FALSE),"") | D15: US-15 | E15: Unggah dokumen manual | F15: User Story | G15: Backend | H15: Rafli | I15: S1 | J15: 5 | K15: Must | L15: To Do | M15: =IFERROR(VLOOKUP(I15,Referensi!$F$5:$G$13,2,FALSE),"") | N15: 6
A16: 12 | B16: Fase 1 | C16: =IFERROR(VLOOKUP(B16,Referensi!$A$5:$B$10,2,FALSE),"") | D16: US-15a | E16: Pilih tipe dokumen: draft kajian / eksisting | F16: User Story | G16: Backend | H16: Rafli | I16: S1 | J16: 3 | K16: Must | L16: To Do | M16: =IFERROR(VLOOKUP(I16,Referensi!$F$5:$G$13,2,FALSE),"") | N16: 7 | O16: Frontend pendukung untuk elemen pilihan
A17: 13 | B17: Fase 1 | C17: =IFERROR(VLOOKUP(B17,Referensi!$A$5:$B$10,2,FALSE),"") | D17: US-18 | E17: Tolak berkas non-PDF | F17: User Story | G17: Backend | H17: Rafli | I17: S1 | J17: 3 | K17: Must | L17: To Do | M17: =IFERROR(VLOOKUP(I17,Referensi!$F$5:$G$13,2,FALSE),"") | N17: 8
A18: 14 | B18: Fase 1 | C18: =IFERROR(VLOOKUP(B18,Referensi!$A$5:$B$10,2,FALSE),"") | D18: US-19 | E18: Deteksi duplikat (hash + ukuran berkas) | F18: User Story | G18: Backend | H18: Rafli | I18: S1 | J18: 5 | K18: Must | L18: To Do | M18: =IFERROR(VLOOKUP(I18,Referensi!$F$5:$G$13,2,FALSE),"") | N18: 9
A19: 15 | B19: Fase 1 | C19: =IFERROR(VLOOKUP(B19,Referensi!$A$5:$B$10,2,FALSE),"") | D19: US-26 | E19: Simpan dokumen + metadata + teks | F19: User Story | G19: Backend | H19: Rafli | I19: S1 | J19: 5 | K19: Must | L19: To Do | M19: =IFERROR(VLOOKUP(I19,Referensi!$F$5:$G$13,2,FALSE),"") | N19: 10
A20: 16 | B20: Fase 1 | C20: =IFERROR(VLOOKUP(B20,Referensi!$A$5:$B$10,2,FALSE),"") | D20: AI-T3 | E20: Mockup Figma Fase 1 | F20: Chore | G20: Frontend | H20: Ikhwan | I20: S1 | J20: 5 | K20: Must | L20: In Progress | M20: =IFERROR(VLOOKUP(I20,Referensi!$F$5:$G$13,2,FALSE),"") | N20: 21 | O20: 3 layar sudah: Dashboard, KB, Ingest. S-04 Antrian Kegagalan belum
A21: 17 | B21: Fase 1 | C21: =IFERROR(VLOOKUP(B21,Referensi!$A$5:$B$10,2,FALSE),"") | D21: AI-T7 | E21: Hosting untuk uji coba mitra 8 Okt | F21: Chore | G21: Infra/QA | H21: Hamdan | I21: S1 | J21: 8 | K21: Must | L21: To Do | M21: =IFERROR(VLOOKUP(I21,Referensi!$F$5:$G$13,2,FALSE),"") | N21: 22 | O21: Menunggu keputusan ADR-11 di rapat mingguan
A22: 18 | B22: Fase 1 | C22: =IFERROR(VLOOKUP(B22,Referensi!$A$5:$B$10,2,FALSE),"") | D22: AI-M1 | E22: Alamat situs sumber ketiga | F22: Blocker Mitra | G22: Mitra | H22: Faris (DPEA) | I22: S1 | K22: Must | L22: Blocked | M22: =IFERROR(VLOOKUP(I22,Referensi!$F$5:$G$13,2,FALSE),"") | N22: 24 | O22: Memblokir indikator ≥ 3 situs
A23: 19 | B23: Fase 1 | C23: =IFERROR(VLOOKUP(B23,Referensi!$A$5:$B$10,2,FALSE),"") | D23: US-20 | E23: Ekstraksi metadata dasar | F23: User Story | G23: Data/ML | H23: Fathir | I23: S2 | J23: 8 | K23: Must | L23: To Do | M23: =IFERROR(VLOOKUP(I23,Referensi!$F$5:$G$13,2,FALSE),"") | N23: 11
A24: 20 | B24: Fase 1 | C24: =IFERROR(VLOOKUP(B24,Referensi!$A$5:$B$10,2,FALSE),"") | D24: US-20a | E24: OCR halaman 1 & penamaan berkas baku | F24: User Story | G24: Data/ML | H24: Fathir | I24: S2 | J24: 5 | K24: Must | L24: To Do | M24: =IFERROR(VLOOKUP(I24,Referensi!$F$5:$G$13,2,FALSE),"") | N24: 12
A25: 21 | B25: Fase 1 | C25: =IFERROR(VLOOKUP(B25,Referensi!$A$5:$B$10,2,FALSE),"") | D25: US-21 | E25: Koreksi metadata manual | F25: User Story | G25: Frontend | H25: Ikhwan | I25: S2 | J25: 3 | K25: Must | L25: To Do | M25: =IFERROR(VLOOKUP(I25,Referensi!$F$5:$G$13,2,FALSE),"") | N25: 13
A26: 22 | B26: Fase 1 | C26: =IFERROR(VLOOKUP(B26,Referensi!$A$5:$B$10,2,FALSE),"") | D26: US-23 | E26: Antrian dokumen gagal & proses ulang | F26: User Story | G26: Backend | H26: Rafli | I26: S2 | J26: 3 | K26: Must | L26: To Do | M26: =IFERROR(VLOOKUP(I26,Referensi!$F$5:$G$13,2,FALSE),"") | N26: 14
A27: 23 | B27: Fase 1 | C27: =IFERROR(VLOOKUP(B27,Referensi!$A$5:$B$10,2,FALSE),"") | D27: US-16 | E27: Baca dokumen dari folder lokal | F27: User Story | G27: Backend | H27: Rafli | I27: S2 | J27: 5 | K27: Must | L27: To Do | M27: =IFERROR(VLOOKUP(I27,Referensi!$F$5:$G$13,2,FALSE),"") | N27: 15
A28: 24 | B28: Fase 1 | C28: =IFERROR(VLOOKUP(B28,Referensi!$A$5:$B$10,2,FALSE),"") | D28: US-24 | E28: Klasifikasi kategori peraturan | F28: User Story | G28: Data/ML | H28: Fathir | I28: S2 | J28: 5 | K28: Must | L28: To Do | M28: =IFERROR(VLOOKUP(I28,Referensi!$F$5:$G$13,2,FALSE),"") | N28: 16
A29: 25 | B29: Fase 1 | C29: =IFERROR(VLOOKUP(B29,Referensi!$A$5:$B$10,2,FALSE),"") | D29: US-25 | E29: Penempatan folder eksisting / baru | F29: User Story | G29: Backend | H29: Rafli | I29: S2 | J29: 5 | K29: Must | L29: To Do | M29: =IFERROR(VLOOKUP(I29,Referensi!$F$5:$G$13,2,FALSE),"") | N29: 17
A30: 26 | B30: Fase 1 | C30: =IFERROR(VLOOKUP(B30,Referensi!$A$5:$B$10,2,FALSE),"") | D30: US-27 | E30: Pencarian dokumen | F30: User Story | G30: Backend | H30: Rafli | I30: S2 | J30: 5 | K30: Must | L30: To Do | M30: =IFERROR(VLOOKUP(I30,Referensi!$F$5:$G$13,2,FALSE),"") | N30: 18
A31: 27 | B31: Fase 1 | C31: =IFERROR(VLOOKUP(B31,Referensi!$A$5:$B$10,2,FALSE),"") | D31: US-28 | E31: Detail dokumen (teks mentah) | F31: User Story | G31: Frontend | H31: Ikhwan | I31: S2 | J31: 3 | K31: Must | L31: To Do | M31: =IFERROR(VLOOKUP(I31,Referensi!$F$5:$G$13,2,FALSE),"") | N31: 19 | O31: Tombol Buka PDF Asli wajib ada
A32: 28 | B32: Fase 1 | C32: =IFERROR(VLOOKUP(B32,Referensi!$A$5:$B$10,2,FALSE),"") | D32: US-32a | E32: Spike: purwarupa parser pasal atas 20 dokumen | F32: Spike | G32: Data/ML | H32: Fathir | I32: S2 | J32: 5 | K32: Must | L32: To Do | M32: =IFERROR(VLOOKUP(I32,Referensi!$F$5:$G$13,2,FALSE),"") | N32: 20 | O32: Butuh 20 dokumen uji dari PM/BA
A33: 29 | B33: Fase 2 | C33: =IFERROR(VLOOKUP(B33,Referensi!$A$5:$B$10,2,FALSE),"") | D33: US-04 | E33: Toggle mode AI-Assisted | F33: User Story | G33: Backend | H33: Rafli | I33: S3 | J33: 5 | K33: Must | L33: To Do | M33: =IFERROR(VLOOKUP(I33,Referensi!$F$5:$G$13,2,FALSE),"")
A34: 30 | B34: Fase 2 | C34: =IFERROR(VLOOKUP(B34,Referensi!$A$5:$B$10,2,FALSE),"") | D34: US-05 | E34: Hasil deterministik & AI tersimpan terpisah | F34: User Story | G34: Backend | H34: Rafli | I34: S3 | J34: 5 | K34: Must | L34: To Do | M34: =IFERROR(VLOOKUP(I34,Referensi!$F$5:$G$13,2,FALSE),"")
A35: 31 | B35: Fase 2 | C35: =IFERROR(VLOOKUP(B35,Referensi!$A$5:$B$10,2,FALSE),"") | D35: US-07 | E35: Label Draft / Rekomendasi pada output | F35: User Story | G35: Frontend | H35: Ikhwan | I35: S3 | J35: 2 | K35: Must | L35: To Do | M35: =IFERROR(VLOOKUP(I35,Referensi!$F$5:$G$13,2,FALSE),"")
A36: 32 | B36: Fase 2 | C36: =IFERROR(VLOOKUP(B36,Referensi!$A$5:$B$10,2,FALSE),"") | D36: US-32 | E36: Parser struktur bab / pasal / ayat | F36: User Story | G36: Data/ML | H36: Fathir | I36: S3 | J36: 13 | K36: Must | L36: To Do | M36: =IFERROR(VLOOKUP(I36,Referensi!$F$5:$G$13,2,FALSE),"") | O36: Jalur kritis — menopang 3 fitur
A37: 33 | B37: Fase 2 | C37: =IFERROR(VLOOKUP(B37,Referensi!$A$5:$B$10,2,FALSE),"") | D37: US-33 | E37: Identifikasi dasar hukum | F37: User Story | G37: Data/ML | H37: Fathir | I37: S3 | J37: 5 | K37: Must | L37: To Do | M37: =IFERROR(VLOOKUP(I37,Referensi!$F$5:$G$13,2,FALSE),"")
A38: 34 | B38: Fase 2 | C38: =IFERROR(VLOOKUP(B38,Referensi!$A$5:$B$10,2,FALSE),"") | D38: US-34 | E38: Identifikasi status keberlakuan | F38: User Story | G38: Data/ML | H38: Fathir | I38: S3 | J38: 5 | K38: Must | L38: To Do | M38: =IFERROR(VLOOKUP(I38,Referensi!$F$5:$G$13,2,FALSE),"")
A39: 35 | B39: Fase 2 | C39: =IFERROR(VLOOKUP(B39,Referensi!$A$5:$B$10,2,FALSE),"") | D39: US-29,30,31 | E39: Versioning, kelola dokumen, status dicabut | F39: User Story | G39: Backend | H39: Rafli | I39: S3 | J39: 11 | K39: Should | L39: To Do | M39: =IFERROR(VLOOKUP(I39,Referensi!$F$5:$G$13,2,FALSE),"") | N39: 37 | O39: Digeser dari Fase 1
A40: 36 | B40: Fase 2 | C40: =IFERROR(VLOOKUP(B40,Referensi!$A$5:$B$10,2,FALSE),"") | D40: US-01 | E40: Manajemen pengguna & peran | F40: User Story | G40: Backend | H40: Rafli | I40: S3 | J40: 5 | K40: Must | L40: To Do | M40: =IFERROR(VLOOKUP(I40,Referensi!$F$5:$G$13,2,FALSE),"") | N40: 32 | O40: Digeser dari Fase 1
A41: 37 | B41: Fase 2 | C41: =IFERROR(VLOOKUP(B41,Referensi!$A$5:$B$10,2,FALSE),"") | D41: US-06 | E41: Fallback saat layanan AI mati | F41: User Story | G41: Backend | H41: Rafli | I41: S4 | J41: 5 | K41: Must | L41: To Do | M41: =IFERROR(VLOOKUP(I41,Referensi!$F$5:$G$13,2,FALSE),"")
A42: 38 | B42: Fase 2 | C42: =IFERROR(VLOOKUP(B42,Referensi!$A$5:$B$10,2,FALSE),"") | D42: US-10 | E42: Riwayat eksekusi (repeatable) | F42: User Story | G42: Backend | H42: Rafli | I42: S4 | J42: 5 | K42: Must | L42: To Do | M42: =IFERROR(VLOOKUP(I42,Referensi!$F$5:$G$13,2,FALSE),"")
A43: 39 | B43: Fase 2 | C43: =IFERROR(VLOOKUP(B43,Referensi!$A$5:$B$10,2,FALSE),"") | D43: US-35 | E43: Ringkasan (summary) dokumen | F43: User Story | G43: Data/ML | H43: Fathir | I43: S4 | J43: 8 | K43: Must | L43: To Do | M43: =IFERROR(VLOOKUP(I43,Referensi!$F$5:$G$13,2,FALSE),"")
A44: 40 | B44: Fase 2 | C44: =IFERROR(VLOOKUP(B44,Referensi!$A$5:$B$10,2,FALSE),"") | D44: US-36 | E44: Key Takeaways | F44: User Story | G44: Data/ML | H44: Fathir | I44: S4 | J44: 8 | K44: Must | L44: To Do | M44: =IFERROR(VLOOKUP(I44,Referensi!$F$5:$G$13,2,FALSE),"")
A45: 41 | B45: Fase 2 | C45: =IFERROR(VLOOKUP(B45,Referensi!$A$5:$B$10,2,FALSE),"") | D45: US-37 | E45: Lompat dari poin ke pasal asli | F45: User Story | G45: Frontend | H45: Ikhwan | I45: S4 | J45: 5 | K45: Must | L45: To Do | M45: =IFERROR(VLOOKUP(I45,Referensi!$F$5:$G$13,2,FALSE),"")
A46: 42 | B46: Fase 2 | C46: =IFERROR(VLOOKUP(B46,Referensi!$A$5:$B$10,2,FALSE),"") | D46: US-38 | E46: Identifikasi topik utama | F46: User Story | G46: Data/ML | H46: Fathir | I46: S4 | J46: 3 | K46: Should | L46: To Do | M46: =IFERROR(VLOOKUP(I46,Referensi!$F$5:$G$13,2,FALSE),"")
A47: 43 | B47: Fase 2 | C47: =IFERROR(VLOOKUP(B47,Referensi!$A$5:$B$10,2,FALSE),"") | D47: US-39 | E47: Summary < 5 menit per dokumen | F47: User Story | G47: Data/ML | H47: Fathir | I47: S4 | J47: 3 | K47: Must | L47: To Do | M47: =IFERROR(VLOOKUP(I47,Referensi!$F$5:$G$13,2,FALSE),"")
A48: 44 | B48: Fase 2 | C48: =IFERROR(VLOOKUP(B48,Referensi!$A$5:$B$10,2,FALSE),"") | D48: US-40 | E48: Ekspor hasil analisa | F48: User Story | G48: Backend | H48: Rafli | I48: S4 | J48: 5 | K48: Should | L48: To Do | M48: =IFERROR(VLOOKUP(I48,Referensi!$F$5:$G$13,2,FALSE),"")
A49: 45 | B49: Fase 2 | C49: =IFERROR(VLOOKUP(B49,Referensi!$A$5:$B$10,2,FALSE),"") | D49: US-03 | E49: Beranda / dashboard | F49: User Story | G49: Frontend | H49: Ikhwan | I49: S4 | J49: 3 | K49: Should | L49: To Do | M49: =IFERROR(VLOOKUP(I49,Referensi!$F$5:$G$13,2,FALSE),"") | N49: 33 | O49: Digeser dari Fase 1
A50: 46 | B50: Fase 2 | C50: =IFERROR(VLOOKUP(B50,Referensi!$A$5:$B$10,2,FALSE),"") | D50: US-08 | E50: Audit log | F50: User Story | G50: Backend | H50: Rafli | I50: S4 | J50: 5 | K50: Must | L50: To Do | M50: =IFERROR(VLOOKUP(I50,Referensi!$F$5:$G$13,2,FALSE),"") | N50: 34 | O50: Digeser dari Fase 1
A51: 47 | B51: Fase 2 | C51: =IFERROR(VLOOKUP(B51,Referensi!$A$5:$B$10,2,FALSE),"") | D51: US-09 | E51: Status pekerjaan berjalan | F51: User Story | G51: Frontend | H51: Ikhwan | I51: S4 | J51: 3 | K51: Should | L51: To Do | M51: =IFERROR(VLOOKUP(I51,Referensi!$F$5:$G$13,2,FALSE),"") | N51: 35 | O51: Digeser dari Fase 1
A52: 48 | B52: Fase 2 | C52: =IFERROR(VLOOKUP(B52,Referensi!$A$5:$B$10,2,FALSE),"") | D52: US-17 | E52: Baca folder OneDrive | F52: User Story | G52: Backend | H52: Rafli | I52: S4 | J52: 8 | K52: Must | L52: To Do | M52: =IFERROR(VLOOKUP(I52,Referensi!$F$5:$G$13,2,FALSE),"") | N52: 30 | O52: Menunggu NDA & folder dari mitra
A53: 49 | B53: Fase 2 | C53: =IFERROR(VLOOKUP(B53,Referensi!$A$5:$B$10,2,FALSE),"") | D53: US-22 | E53: OCR dokumen penuh | F53: User Story | G53: Data/ML | H53: Fathir | I53: S4 | J53: 8 | K53: Should | L53: To Do | M53: =IFERROR(VLOOKUP(I53,Referensi!$F$5:$G$13,2,FALSE),"") | N53: 31 | O53: Digeser dari Fase 1
A54: 50 | B54: Fase 2 | C54: =IFERROR(VLOOKUP(B54,Referensi!$A$5:$B$10,2,FALSE),"") | D54: US-26a | E54: Penyimpanan blok terstruktur di DB | F54: User Story | G54: Backend | H54: Rafli | I54: S4 | J54: 5 | K54: Must | L54: To Do | M54: =IFERROR(VLOOKUP(I54,Referensi!$F$5:$G$13,2,FALSE),"") | N54: 36 | O54: Bergantung parser US-32
A55: 51 | B55: Fase 2 | C55: =IFERROR(VLOOKUP(B55,Referensi!$A$5:$B$10,2,FALSE),"") | D55: AI-M2 | E55: Folder OneDrive peraturan internal | F55: Blocker Mitra | G55: Mitra | H55: Faris (DPEA) | I55: S3 | K55: Should | L55: Blocked | M55: =IFERROR(VLOOKUP(I55,Referensi!$F$5:$G$13,2,FALSE),"") | N55: 26 | O55: Menunggu NDA
A56: 52 | B56: Fase 3 | C56: =IFERROR(VLOOKUP(B56,Referensi!$A$5:$B$10,2,FALSE),"") | D56: US-64 | E56: Rumuskan aturan klasifikasi harmonisasi bersama mitra | F56: Spike | G56: PM/BA | H56: Zaky | I56: S3 | J56: 5 | K56: Must | L56: To Do | M56: =IFERROR(VLOOKUP(I56,Referensi!$F$5:$G$13,2,FALSE),"") | O56: Ambang kemiripan belum dijawab mitra
A57: 53 | B57: Fase 3 | C57: =IFERROR(VLOOKUP(B57,Referensi!$A$5:$B$10,2,FALSE),"") | D57: ISU-06 | E57: Ambang kemiripan pasal | F57: Blocker Mitra | G57: Mitra | H57: Faris (DPEA) | I57: S3 | K57: Must | L57: Blocked | M57: =IFERROR(VLOOKUP(I57,Referensi!$F$5:$G$13,2,FALSE),"") | N57: 28 | O57: Memblokir seluruh mesin klasifikasi
A58: 54 | B58: Fase 3 | C58: =IFERROR(VLOOKUP(B58,Referensi!$A$5:$B$10,2,FALSE),"") | D58: US-41 | E58: Jalankan harmonisasi draft | F58: User Story | G58: Data/ML | H58: Fathir | I58: S5 | J58: 5 | K58: Must | L58: To Do | M58: =IFERROR(VLOOKUP(I58,Referensi!$F$5:$G$13,2,FALSE),"")
A59: 55 | B59: Fase 3 | C59: =IFERROR(VLOOKUP(B59,Referensi!$A$5:$B$10,2,FALSE),"") | D59: US-42 | E59: Pemilihan kandidat peraturan pembanding | F59: User Story | G59: Data/ML | H59: Fathir | I59: S5 | J59: 8 | K59: Must | L59: To Do | M59: =IFERROR(VLOOKUP(I59,Referensi!$F$5:$G$13,2,FALSE),"")
A60: 56 | B60: Fase 3 | C60: =IFERROR(VLOOKUP(B60,Referensi!$A$5:$B$10,2,FALSE),"") | D60: US-43 | E60: Pencocokan rujukan pasal eksplisit | F60: User Story | G60: Data/ML | H60: Fathir | I60: S5 | J60: 8 | K60: Must | L60: To Do | M60: =IFERROR(VLOOKUP(I60,Referensi!$F$5:$G$13,2,FALSE),"")
A61: 57 | B61: Fase 3 | C61: =IFERROR(VLOOKUP(B61,Referensi!$A$5:$B$10,2,FALSE),"") | D61: US-44 | E61: Deteksi rujukan ke peraturan dicabut | F61: User Story | G61: Data/ML | H61: Fathir | I61: S5 | J61: 5 | K61: Must | L61: To Do | M61: =IFERROR(VLOOKUP(I61,Referensi!$F$5:$G$13,2,FALSE),"")
A62: 58 | B62: Fase 3 | C62: =IFERROR(VLOOKUP(B62,Referensi!$A$5:$B$10,2,FALSE),"") | D62: US-45 | E62: Analisis kesesuaian substansi | F62: User Story | G62: Data/ML | H62: Fathir | I62: S5 | J62: 13 | K62: Must | L62: To Do | M62: =IFERROR(VLOOKUP(I62,Referensi!$F$5:$G$13,2,FALSE),"")
A63: 59 | B63: Fase 3 | C63: =IFERROR(VLOOKUP(B63,Referensi!$A$5:$B$10,2,FALSE),"") | D63: US-46 | E63: Klasifikasi: menggantikan / memperjelas / pasal baru / duplikasi / konflik | F63: User Story | G63: Data/ML | H63: Fathir | I63: S6 | J63: 8 | K63: Must | L63: To Do | M63: =IFERROR(VLOOKUP(I63,Referensi!$F$5:$G$13,2,FALSE),"")
A64: 60 | B64: Fase 3 | C64: =IFERROR(VLOOKUP(B64,Referensi!$A$5:$B$10,2,FALSE),"") | D64: US-47 | E64: Atribut temuan + kutipan pasal | F64: User Story | G64: Data/ML | H64: Fathir | I64: S6 | J64: 3 | K64: Must | L64: To Do | M64: =IFERROR(VLOOKUP(I64,Referensi!$F$5:$G$13,2,FALSE),"")
A65: 61 | B65: Fase 3 | C65: =IFERROR(VLOOKUP(B65,Referensi!$A$5:$B$10,2,FALSE),"") | D65: US-48 | E65: Laporan harmonisasi & rekomendasi awal | F65: User Story | G65: Data/ML | H65: Fathir | I65: S6 | J65: 5 | K65: Must | L65: To Do | M65: =IFERROR(VLOOKUP(I65,Referensi!$F$5:$G$13,2,FALSE),"")
A66: 62 | B66: Fase 3 | C66: =IFERROR(VLOOKUP(B66,Referensi!$A$5:$B$10,2,FALSE),"") | D66: US-49 | E66: Tandai temuan valid / tidak relevan | F66: User Story | G66: Frontend | H66: Ikhwan | I66: S6 | J66: 5 | K66: Should | L66: To Do | M66: =IFERROR(VLOOKUP(I66,Referensi!$F$5:$G$13,2,FALSE),"")
A67: 63 | B67: Fase 3 | C67: =IFERROR(VLOOKUP(B67,Referensi!$A$5:$B$10,2,FALSE),"") | D67: US-49a | E67: Buka PDF asli dari temuan | F67: User Story | G67: Frontend | H67: Ikhwan | I67: S6 | J67: 2 | K67: Must | L67: To Do | M67: =IFERROR(VLOOKUP(I67,Referensi!$F$5:$G$13,2,FALSE),"") | O67: Syarat validasi sampling DPEA
A68: 64 | B68: Fase 3 | C68: =IFERROR(VLOOKUP(B68,Referensi!$A$5:$B$10,2,FALSE),"") | D68: US-50 | E68: Ekspor laporan harmonisasi | F68: User Story | G68: Backend | H68: Rafli | I68: S6 | J68: 3 | K68: Should | L68: To Do | M68: =IFERROR(VLOOKUP(I68,Referensi!$F$5:$G$13,2,FALSE),"")
A69: 65 | B69: Fase 4 | C69: =IFERROR(VLOOKUP(B69,Referensi!$A$5:$B$10,2,FALSE),"") | D69: AI-M3..M6 | E69: Contoh surat tanggapan + dokumen dasar + template | F69: Blocker Mitra | G69: Mitra | H69: Faris (DPEA) | I69: S1 | K69: Must | L69: Blocked | M69: =IFERROR(VLOOKUP(I69,Referensi!$F$5:$G$13,2,FALSE),"") | N69: 27 | O69: Memblokir seluruh Fase 4 — tagih tiap rapat
A70: 66 | B70: Fase 4 | C70: =IFERROR(VLOOKUP(B70,Referensi!$A$5:$B$10,2,FALSE),"") | D70: OI-02 | E70: Penunjukan pilot user Unit Bisnis IT | F70: Blocker Mitra | G70: Mitra | H70: Faris (DPEA) | I70: S5 | K70: Must | L70: Blocked | M70: =IFERROR(VLOOKUP(I70,Referensi!$F$5:$G$13,2,FALSE),"") | N70: 29
A71: 67 | B71: Fase 4 | C71: =IFERROR(VLOOKUP(B71,Referensi!$A$5:$B$10,2,FALSE),"") | D71: US-51 | E71: Profil PoV unit fungsi | F71: User Story | G71: Backend | H71: Rafli | I71: S6 | J71: 8 | K71: Must | L71: To Do | M71: =IFERROR(VLOOKUP(I71,Referensi!$F$5:$G$13,2,FALSE),"")
A72: 68 | B72: Fase 4 | C72: =IFERROR(VLOOKUP(B72,Referensi!$A$5:$B$10,2,FALSE),"") | D72: US-52 | E72: Template tanggapan & checklist pasal | F72: User Story | G72: Backend | H72: Rafli | I72: S6 | J72: 5 | K72: Must | L72: To Do | M72: =IFERROR(VLOOKUP(I72,Referensi!$F$5:$G$13,2,FALSE),"")
A73: 69 | B73: Fase 4 | C73: =IFERROR(VLOOKUP(B73,Referensi!$A$5:$B$10,2,FALSE),"") | D73: US-57 | E73: Struktur data multi-PoV | F73: User Story | G73: Backend | H73: Rafli | I73: S6 | J73: 3 | K73: Must | L73: To Do | M73: =IFERROR(VLOOKUP(I73,Referensi!$F$5:$G$13,2,FALSE),"")
A74: 70 | B74: Fase 4 | C74: =IFERROR(VLOOKUP(B74,Referensi!$A$5:$B$10,2,FALSE),"") | D74: US-53 | E74: Pemeriksaan kelengkapan checklist | F74: User Story | G74: Data/ML | H74: Fathir | I74: S7 | J74: 5 | K74: Must | L74: To Do | M74: =IFERROR(VLOOKUP(I74,Referensi!$F$5:$G$13,2,FALSE),"")
A75: 71 | B75: Fase 4 | C75: =IFERROR(VLOOKUP(B75,Referensi!$A$5:$B$10,2,FALSE),"") | D75: US-54 | E75: Narasi draft surat tanggapan | F75: User Story | G75: Data/ML | H75: Fathir | I75: S7 | J75: 13 | K75: Must | L75: To Do | M75: =IFERROR(VLOOKUP(I75,Referensi!$F$5:$G$13,2,FALSE),"") | O75: Deliverable tersulit (5/5)
A76: 72 | B76: Fase 4 | C76: =IFERROR(VLOOKUP(B76,Referensi!$A$5:$B$10,2,FALSE),"") | D76: US-55 | E76: Sorot pasal berdampak + alasan | F76: User Story | G76: Data/ML | H76: Fathir | I76: S7 | J76: 5 | K76: Should | L76: To Do | M76: =IFERROR(VLOOKUP(I76,Referensi!$F$5:$G$13,2,FALSE),"")
A77: 73 | B77: Fase 4 | C77: =IFERROR(VLOOKUP(B77,Referensi!$A$5:$B$10,2,FALSE),"") | D77: US-56 | E77: Sunting draft tanggapan | F77: User Story | G77: Frontend | H77: Ikhwan | I77: S7 | J77: 5 | K77: Must | L77: To Do | M77: =IFERROR(VLOOKUP(I77,Referensi!$F$5:$G$13,2,FALSE),"")
A78: 74 | B78: Fase 4 | C78: =IFERROR(VLOOKUP(B78,Referensi!$A$5:$B$10,2,FALSE),"") | D78: US-58 | E78: Ekspor sesuai format unit | F78: User Story | G78: Backend | H78: Rafli | I78: S7 | J78: 3 | K78: Must | L78: To Do | M78: =IFERROR(VLOOKUP(I78,Referensi!$F$5:$G$13,2,FALSE),"")
A79: 75 | B79: Fase 5 | C79: =IFERROR(VLOOKUP(B79,Referensi!$A$5:$B$10,2,FALSE),"") | D79: US-59 | E79: Fallback test tanpa AI — seluruh fitur | F79: Chore | G79: Infra/QA | H79: Hamdan | I79: S7 | J79: 5 | K79: Must | L79: To Do | M79: =IFERROR(VLOOKUP(I79,Referensi!$F$5:$G$13,2,FALSE),"")
A80: 76 | B80: Fase 5 | C80: =IFERROR(VLOOKUP(B80,Referensi!$A$5:$B$10,2,FALSE),"") | D80: US-63 | E80: Evaluasi recall via sampling DPEA | F80: Chore | G80: PM/BA | H80: Zaky | I80: S7 | J80: 3 | K80: Must | L80: To Do | M80: =IFERROR(VLOOKUP(I80,Referensi!$F$5:$G$13,2,FALSE),"")
A81: 77 | B81: Fase 5 | C81: =IFERROR(VLOOKUP(B81,Referensi!$A$5:$B$10,2,FALSE),"") | D81: US-60 | E81: UAT — 4 fitur, ≥ 1 pilot user | F81: Chore | G81: Infra/QA | H81: Hamdan | I81: S8 | J81: 8 | K81: Must | L81: To Do | M81: =IFERROR(VLOOKUP(I81,Referensi!$F$5:$G$13,2,FALSE),"")
A82: 78 | B82: Fase 5 | C82: =IFERROR(VLOOKUP(B82,Referensi!$A$5:$B$10,2,FALSE),"") | D82: US-61 | E82: Panduan pengguna | F82: Chore | G82: PM/BA | H82: Zaky | I82: S8 | J82: 5 | K82: Must | L82: To Do | M82: =IFERROR(VLOOKUP(I82,Referensi!$F$5:$G$13,2,FALSE),"")
A83: 79 | B83: Fase 5 | C83: =IFERROR(VLOOKUP(B83,Referensi!$A$5:$B$10,2,FALSE),"") | D83: US-62 | E83: Dokumentasi teknis | F83: Chore | G83: PM/BA | H83: Zaky | I83: S8 | J83: 5 | K83: Must | L83: To Do | M83: =IFERROR(VLOOKUP(I83,Referensi!$F$5:$G$13,2,FALSE),"")
A84: 80 | B84: Fase 5 | C84: =IFERROR(VLOOKUP(B84,Referensi!$A$5:$B$10,2,FALSE),"") | D84: UAT-06 | E84: Verifikasi metrik utama: 2–3 hari → 2–3 jam | F84: Chore | G84: PM/BA | H84: Zaky | I84: S8 | J84: 3 | K84: Must | L84: To Do | M84: =IFERROR(VLOOKUP(I84,Referensi!$F$5:$G$13,2,FALSE),"") | O84: Pengujian yang paling berarti bagi mitra
A85: =IF(E85="","",ROW()-4) | C85: =IFERROR(VLOOKUP(B85,Referensi!$A$5:$B$10,2,FALSE),"") | M85: =IFERROR(VLOOKUP(I85,Referensi!$F$5:$G$13,2,FALSE),"")
A86: =IF(E86="","",ROW()-4) | C86: =IFERROR(VLOOKUP(B86,Referensi!$A$5:$B$10,2,FALSE),"") | M86: =IFERROR(VLOOKUP(I86,Referensi!$F$5:$G$13,2,FALSE),"")
A87: =IF(E87="","",ROW()-4) | C87: =IFERROR(VLOOKUP(B87,Referensi!$A$5:$B$10,2,FALSE),"") | M87: =IFERROR(VLOOKUP(I87,Referensi!$F$5:$G$13,2,FALSE),"")
A88: =IF(E88="","",ROW()-4) | C88: =IFERROR(VLOOKUP(B88,Referensi!$A$5:$B$10,2,FALSE),"") | M88: =IFERROR(VLOOKUP(I88,Referensi!$F$5:$G$13,2,FALSE),"")
A89: =IF(E89="","",ROW()-4) | C89: =IFERROR(VLOOKUP(B89,Referensi!$A$5:$B$10,2,FALSE),"") | M89: =IFERROR(VLOOKUP(I89,Referensi!$F$5:$G$13,2,FALSE),"")
A90: =IF(E90="","",ROW()-4) | C90: =IFERROR(VLOOKUP(B90,Referensi!$A$5:$B$10,2,FALSE),"") | M90: =IFERROR(VLOOKUP(I90,Referensi!$F$5:$G$13,2,FALSE),"")
A91: =IF(E91="","",ROW()-4) | C91: =IFERROR(VLOOKUP(B91,Referensi!$A$5:$B$10,2,FALSE),"") | M91: =IFERROR(VLOOKUP(I91,Referensi!$F$5:$G$13,2,FALSE),"")
A92: =IF(E92="","",ROW()-4) | C92: =IFERROR(VLOOKUP(B92,Referensi!$A$5:$B$10,2,FALSE),"") | M92: =IFERROR(VLOOKUP(I92,Referensi!$F$5:$G$13,2,FALSE),"")
A93: =IF(E93="","",ROW()-4) | C93: =IFERROR(VLOOKUP(B93,Referensi!$A$5:$B$10,2,FALSE),"") | M93: =IFERROR(VLOOKUP(I93,Referensi!$F$5:$G$13,2,FALSE),"")
A94: =IF(E94="","",ROW()-4) | C94: =IFERROR(VLOOKUP(B94,Referensi!$A$5:$B$10,2,FALSE),"") | M94: =IFERROR(VLOOKUP(I94,Referensi!$F$5:$G$13,2,FALSE),"")

Sheet Milestone
A1: MILESTONE & INDIKATOR KEBERHASILAN
A2: Indikator per fase sesuai URD mitra. Ubah kolom Status saat ada bukti; isi kolom Bukti dengan tautan atau nomor issue.
A4: Fase | B4: Milestone | C4: Periode | D4: Indikator Keberhasilan | E4: Status | F4: Bukti / Catatan
A5: Fase 0 | B5: Inception & Setup | C5: 31 Aug – 13 Sep 2026 | D5: Dokumen requirement & arsitektur disetujui stakeholder | E5: Sebagian
A6: Fase 0 | B6: Inception & Setup | C6: 31 Aug – 13 Sep 2026 | D6: Infrastruktur dasar (server/storage/repository) siap digunakan | E6: Belum
A7: Fase 0 | B7: Inception & Setup | C7: 31 Aug – 13 Sep 2026 | D7: Struktur folder knowledge base awal (skeleton) tersedia | E7: Belum
A8: Fase 1 | B8: MVP Scraping & Ingest | C8: 14 Sep – 11 Oct 2026 | D8: Berhasil menarik dokumen dari minimal 3 situs sumber yang diinput manual | E8: Belum
A9: Fase 1 | B9: MVP Scraping & Ingest | C9: 14 Sep – 11 Oct 2026 | D9: Fitur unggah manual berfungsi untuk dokumen PDF | E9: Belum
A10: Fase 1 | B10: MVP Scraping & Ingest | C10: 14 Sep – 11 Oct 2026 | D10: Sistem berhasil membaca minimal 1 folder lokal (OneDrive digeser ke Fase 2) | E10: Belum
A11: Fase 1 | B11: MVP Scraping & Ingest | C11: 14 Sep – 11 Oct 2026 | D11: Minimal 20 dokumen peraturan masuk knowledge base (mode Deterministik) | E11: Belum
A12: Fase 1 | B12: MVP Scraping & Ingest | C12: 14 Sep – 11 Oct 2026 | D12: Aplikasi dapat dicoba langsung oleh mitra pada 8 Oktober 2026 | E12: Belum
A13: Fase 2 | B13: MVP Analisa & Summary | C13: 12 Oct – 08 Nov 2026 | D13: Summary & Key Takeaways dihasilkan untuk minimal 10 dokumen uji | E13: Belum
A14: Fase 2 | B14: MVP Analisa & Summary | C14: 12 Oct – 08 Nov 2026 | D14: Waktu proses summary per dokumen di bawah 5 menit pada mode Deterministik | E14: Belum
A15: Fase 2 | B15: MVP Analisa & Summary | C15: 12 Oct – 08 Nov 2026 | D15: Mode AI-Assisted dapat diaktifkan/nonaktifkan dengan narasi lebih natural | E15: Belum
A16: Fase 3 | B16: MVP Harmonisasi | C16: 09 Nov – 29 Nov 2026 | D16: Berhasil membandingkan minimal 5 pasang dokumen (draft vs eksisting) | E16: Belum
... A22: Fase 5 | B22: Stabilisasi & UAT | C22: 14 Dec – 24 Dec 2026 | D22: Sistem berjalan penuh pada mode Deterministik tanpa AI (fallback test) | E22: Belum

Sheet Referensi
A1: REFERENSI
A2: Daftar pilihan dropdown. Ubah di sini bila perlu menambah opsi — seluruh dropdown ikut berubah.
A4: Fase | B4: Milestone | C4: Mulai | D4: Selesai | F4: Sprint | G4: Berakhir | I4: Status | J4: Prioritas | K4: Tipe | L4: Peran | M4: PIC | N4: Status Indikator
A5: Fase 0 | B5: Inception & Setup | C5: 46265 | D5: 46278 | F5: S0 | G5: 46278 | I5: To Do | J5: Must | K5: User Story | L5: PM/BA | M5: Zaky | N5: Belum
A6: Fase 1 | B6: MVP Scraping & Ingest | C6: 46279 | D6: 46306 | F6: S1 | G6: 46292 | I6: In Progress | J6: Should | K6: Spike | L6: Backend | M6: Rafli | N6: Sebagian
A7: Fase 2 | B7: MVP Analisa & Summary | C7: 46307 | D7: 46334 | F7: S2 | G7: 46306 | I7: In Review / Testing | J7: Could | K7: Chore | L7: Frontend | M7: Ikhwan | N7: Tercapai
A8: Fase 3 | B8: MVP Harmonisasi | C8: 46335 | D8: 46355 | F8: S3 | G8: 46320 | I8: Done | J8: Won't | K8: Bug | L8: Data/ML | M8: Fathir
A9: Fase 4 | B9: MVP Tanggapan PoV | C9: 46356 | D9: 46369 | F9: S4 | G9: 46334 | I9: Blocked | K9: Blocker Mitra | L9: Infra/QA | M9: Hamdan
A10: Fase 5 | B10: Stabilisasi & UAT | C10: 46370 | D10: 46380 | F10: S5 | G10: 46348 | L10: Mitra | M10: Faris (DPEA)
F11: S6 | G11: 46362 | M11: Andika (DPEA)
F12: S7 | G12: 46376
F13: S8 | G13: 46380
A17: TIM
A18: Nama | B18: Peran | C18: GitHub | D18: Team Org
A19: Ahmad Zaky Ash Shidqi | B19: PM/BA | C19: cashewwww14 | D19: pm-and-business-analyst
A20: Moh. Rafli Gusti Saputra | B20: Backend | C20: gustiirf | D20: backend
A21: Muhammad Ikhwan | B21: Frontend | C21: Ikhwansantoso | D21: frontend-and-ui-ux
A22: Mirza Syahrizal Fathir | B22: Data/ML | C22: (belum masuk org) | D22: data-and-ml
A23: Ahmad Izzul Hamdan | B23: Infra/QA | C23: Hamdancml | D23: infra-and-qa
A24: Faris Budi | B24: Product Owner (DPEA) | C24: — | D24: —
A25: Andika Wahyu Prihandoko | B25: Mentor (DPEA) | C25: — | D25: —
